ID,G,sigma2,num_samples,mean_naive_loss,median_naive_loss,std_naive_loss,mean_oracle_loss,median_oracle_loss,std_oracle_loss,median_cv_loss,mean_cv_loss,std_cv_loss,median_cv_excess_loss,mean_cv_excess_loss,std_cv_excess_loss,median_cv_displacement,mean_cv_displacement,std_cv_displacement,cv_Ms_star,cv_rhos_star
1774870186.5090587,uniform,0.005,100,0.0049960679193121,0.0049882581685825,5.495258318361149e-05,0.0050044652508256,0.0049968531842712,5.473357348304159e-05,,,,,,,,,,[],[]
1774870186.5090587,uniform,0.005,266,0.0049960679193121,0.0049882581685825,5.495258318361149e-05,0.0050044652508256,0.0049968531842712,5.473357348304159e-05,,,,,,,,,,[],[]
1774870186.5090587,uniform,0.005,707,0.0049960679193121,0.0049882581685825,5.495258318361149e-05,0.0050044652508256,0.0049968531842712,5.473357348304159e-05,,,,,,,,,,[],[]
1774870186.5090587,uniform,0.005,1880,0.0049960679193121,0.0049882581685825,5.495258318361149e-05,0.0050044652508256,0.0049968531842712,5.473357348304159e-05,,,,,,,,,,[],[]
1774870186.5090587,uniform,0.005,5000,0.0049960679193121,0.0049882581685825,5.495258318361149e-05,0.0050044652508256,0.0049968531842712,5.473357348304159e-05,,,,,,,,,,[],[]
1774870186.5090587,uniform,0.054,100,0.0539971392768001,0.0540170049064686,0.0005166008491059,0.0540351584070697,0.0540392784060511,0.0005191258007359,,,,,,,,,,[],[]
1774870186.5090587,uniform,0.054,266,0.0539971392768001,0.0540170049064686,0.0005166008491059,0.0540351584070697,0.0540392784060511,0.0005191258007359,,,,,,,,,,[],[]
1774870186.5090587,uniform,0.054,707,0.0539971392768001,0.0540170049064686,0.0005166008491059,0.0540351584070697,0.0540392784060511,0.0005191258007359,,,,,,,,,,[],[]
1774870186.5090587,uniform,0.054,1880,0.0539971392768001,0.0540170049064686,0.0005166008491059,0.0540351584070697,0.0540392784060511,0.0005191258007359,,,,,,,,,,[],[]
1774870186.5090587,uniform,0.054,5000,0.0539971392768001,0.0540170049064686,0.0005166008491059,0.0540351584070697,0.0540392784060511,0.0005191258007359,,,,,,,,,,[],[]
1774870186.5090587,uniform,0.103,100,0.1028130392849407,0.102842636532022,0.0009437006482628,0.1028536646120713,0.102899104261833,0.0009458749566835,,,,,,,,,,[],[]
1774870186.5090587,uniform,0.103,266,0.1028130392849407,0.102842636532022,0.0009437006482628,0.1028536646120713,0.102899104261833,0.0009458749566835,,,,,,,,,,[],[]
1774870186.5090587,uniform,0.103,707,0.1028130392849407,0.102842636532022,0.0009437006482628,0.1028536646120713,0.102899104261833,0.0009458749566835,,,,,,,,,,[],[]
1774870186.5090587,uniform,0.103,1880,0.1028130392849407,0.102842636532022,0.0009437006482628,0.1028536646120713,0.102899104261833,0.0009458749566835,,,,,,,,,,[],[]
1774870186.5090587,uniform,0.103,5000,0.1028130392849407,0.102842636532022,0.0009437006482628,0.1028536646120713,0.102899104261833,0.0009458749566835,,,,,,,,,,[],[]
1774870186.5090587,uniform,0.152,100,0.1521190460228535,0.1522146641785942,0.0016270542753493,0.1521531288177712,0.1522431606109719,0.0016279081647953,0.1556071086405567,0.1633876919387344,0.0166973674112489,0.003022475712232,0.0112345631209632,0.0166878809379425,0.003211981440413,0.0113706220383332,0.0169307661610949,"[2. 2. 5. 2. 2. 2. 2. 2. 2. 2. 2. 2. 5. 2. 2. 2. 3. 3. 2. 2. 2. 3. 5. 2.
 2. 2. 2. 2. 2. 2. 2. 2. 2. 2. 4. 4. 2. 2. 2. 2. 2. 5. 3. 2. 2. 3. 5. 2.
 2. 5. 5. 2. 2. 2. 2. 2. 2. 3. 4. 2. 2. 2. 5. 2. 2. 4. 2. 5. 2. 5. 5. 3.
 3. 2. 2. 2. 3. 2. 5. 2. 2. 2. 2. 2. 2. 2. 2. 2. 3. 2. 2. 2. 3. 2. 2. 2.
 2. 2. 2. 2.]","[0.10906892 0.12078386 0.10422326 0.13802636 0.13033376 0.09427761
 0.14360152 0.13422676 0.11680361 0.13336232 0.13793223 0.10965131
 0.09229945 0.11138638 0.1127244  0.13880231 0.09759846 0.11274689
 0.12179026 0.11057272 0.13266844 0.11375995 0.11472006 0.12051538
 0.10919258 0.12376348 0.12839685 0.14073863 0.10506082 0.12258966
 0.11262481 0.09310796 0.12143407 0.1214356  0.11897027 0.0878509
 0.11673789 0.12239612 0.1284704  0.14052189 0.09813345 0.09822619
 0.10126604 0.12351841 0.11844981 0.11185789 0.10140835 0.11794677
 0.111136   0.10258193 0.05544658 0.12451072 0.11450475 0.11516556
 0.11984315 0.1115736  0.11290444 0.10922053 0.10909459 0.12548506
 0.12519846 0.09128677 0.10783291 0.13236942 0.12118842 0.09629845
 0.14307477 0.12177897 0.08459803 0.10952423 0.09774091 0.09009936
 0.10844608 0.14660544 0.11947061 0.12291571 0.12576559 0.10112754
 0.1236875  0.12776102 0.13874219 0.12457175 0.10791179 0.1219171
 0.12584896 0.117357   0.15334302 0.10329863 0.11930507 0.12212874
 0.12376896 0.12599913 0.1043347  0.10028322 0.13079973 0.11351694
 0.13093066 0.11336168 0.1143603  0.10824144]"
1774870186.5090587,uniform,0.152,266,0.1521190460228535,0.1522146641785942,0.0016270542753493,0.1521531288177712,0.1522431606109719,0.0016279081647953,0.154556219799536,0.1601655710816076,0.0122044228699484,0.0012080401886463,0.0080124422638364,0.0120115930738404,0.001288126991534,0.0081792964556026,0.012068997901015,"[6. 2. 2. 2. 2. 2. 2. 2. 2. 2. 2. 2. 2. 2. 2. 2. 2. 2. 2. 2. 2. 2. 2. 2.
 2. 2. 2. 5. 2. 2. 6. 6. 3. 2. 5. 3. 2. 5. 6. 3. 2. 6. 4. 6. 5. 4. 5. 6.
 3. 5. 4. 2. 2. 2. 6. 2. 4. 2. 3. 2. 2. 2. 2. 2. 6. 5. 3. 2. 2. 4. 2. 2.
 3. 4. 2. 3. 2. 5. 5. 2. 2. 4. 2. 4. 6. 2. 2. 3. 3. 6. 5. 2. 3. 2. 2. 2.
 5. 2. 2. 2.]","[0.1070554  0.13972041 0.14430001 0.135303   0.12949637 0.14459094
 0.12573965 0.14976932 0.11693009 0.14343192 0.13700915 0.14256929
 0.13701023 0.12809861 0.13899849 0.14321579 0.13276664 0.14575703
 0.13766653 0.13343206 0.13737927 0.13229778 0.13257981 0.12475895
 0.1465182  0.1320969  0.13818651 0.12943766 0.12476773 0.14379548
 0.12120453 0.12423754 0.11134419 0.13509787 0.11687566 0.11560066
 0.14696812 0.11529928 0.11672619 0.12950025 0.1448198  0.12505795
 0.12044995 0.11699638 0.12424488 0.14245353 0.11662241 0.11542205
 0.12633814 0.12382521 0.11940736 0.1315774  0.14100219 0.14540414
 0.12640803 0.12279615 0.11630319 0.11932126 0.13033833 0.13653375
 0.14087075 0.14321638 0.15060234 0.13131098 0.11854193 0.13516643
 0.11501676 0.14496362 0.12877328 0.12679349 0.13425553 0.14587053
 0.12974265 0.11686863 0.12796924 0.125966   0.130283   0.12383922
 0.12479818 0.14725725 0.12953534 0.11035989 0.13427344 0.12892159
 0.11949931 0.15021969 0.14199096 0.12580535 0.11364835 0.10041569
 0.1154762  0.13343506 0.13166857 0.12582575 0.12301067 0.13467105
 0.12742804 0.12743445 0.13293553 0.14170574]"
1774870186.5090587,uniform,0.152,707,0.1521190460228535,0.1522146641785942,0.0016270542753493,0.1521531288177712,0.1522431606109719,0.0016279081647953,0.1531276078237344,0.1578055171812565,0.011027411916315,0.0005806691334678,0.0056523883634852,0.0106155735015909,0.0005938242178142,0.0057385777144694,0.0107463349403246,"[2. 2. 2. 2. 8. 4. 7. 4. 2. 3. 2. 2. 2. 2. 3. 2. 2. 2. 9. 2. 6. 2. 6. 2.
 2. 2. 5. 2. 9. 3. 2. 2. 7. 7. 6. 3. 3. 9. 2. 2. 2. 2. 3. 2. 2. 2. 2. 2.
 6. 2. 2. 2. 2. 2. 2. 5. 2. 2. 2. 2. 7. 2. 4. 3. 2. 2. 2. 9. 4. 2. 2. 3.
 2. 7. 4. 2. 2. 2. 2. 2. 2. 6. 2. 8. 2. 2. 7. 2. 2. 3. 9. 2. 4. 2. 8. 7.
 2. 3. 4. 3.]","[0.14283763 0.14043481 0.1368842  0.14099694 0.12245729 0.12968533
 0.12297997 0.12825259 0.14971368 0.13130626 0.14620493 0.14787439
 0.12970684 0.14636038 0.13348299 0.1489053  0.14427855 0.14775202
 0.12266527 0.13895044 0.12379449 0.14400935 0.1342259  0.14734716
 0.15251526 0.14122388 0.12797594 0.1504629  0.12663739 0.13611496
 0.14066945 0.14619843 0.12764032 0.13507205 0.1332535  0.13621395
 0.13089727 0.11802934 0.14791975 0.13884935 0.15390515 0.14440101
 0.13968414 0.14011228 0.14705728 0.13590689 0.15367285 0.13419082
 0.13134243 0.13866708 0.13952462 0.14858942 0.14556229 0.15503381
 0.14435169 0.13709132 0.14718007 0.15164592 0.14590297 0.14307199
 0.12791879 0.13695023 0.13023783 0.13311239 0.14515601 0.14839793
 0.1514899  0.12053204 0.13107986 0.14006914 0.13967591 0.13162802
 0.13546423 0.12755046 0.13312785 0.13887415 0.1376357  0.13596189
 0.12979593 0.14849357 0.14216865 0.12886123 0.13580019 0.12132339
 0.14027588 0.1424454  0.12844154 0.15387587 0.15192509 0.13631442
 0.12739398 0.14682317 0.13238563 0.14834127 0.13196547 0.13037289
 0.14368115 0.13720273 0.13376682 0.1267456 ]"
1774870186.5090587,uniform,0.152,1880,0.1521190460228535,0.1522146641785942,0.0016270542753493,0.1521531288177712,0.1522431606109719,0.0016279081647953,0.1528238205224383,0.1544480411650767,0.0045783369288505,0.000166299427087,0.0022949123473054,0.0041795655311767,0.0002052086295388,0.0024160586152928,0.0043369477589103,"[2. 4. 2. 2. 2. 2. 2. 2. 2. 2. 8. 2. 4. 2. 2. 5. 3. 2. 2. 7. 7. 2. 8. 3.
 5. 2. 2. 2. 4. 2. 2. 8. 2. 2. 2. 7. 6. 2. 9. 9. 2. 9. 3. 6. 2. 7. 2. 2.
 2. 2. 2. 3. 4. 2. 2. 2. 2. 2. 9. 5. 2. 2. 3. 2. 8. 2. 2. 2. 2. 2. 2. 2.
 8. 2. 2. 3. 2. 3. 6. 6. 2. 5. 4. 2. 7. 4. 2. 2. 2. 9. 2. 2. 2. 2. 3. 8.
 2. 2. 2. 8.]","[0.15605798 0.139307   0.15047937 0.14593027 0.15045488 0.15017324
 0.15134837 0.14806111 0.15533449 0.15181566 0.13494329 0.15447526
 0.14505852 0.15293417 0.15266047 0.14036084 0.14034369 0.15441075
 0.15629977 0.13858127 0.14189443 0.14879412 0.14292564 0.13678466
 0.14661984 0.15258117 0.15316982 0.14585832 0.14137093 0.14872971
 0.15191148 0.13996764 0.1447766  0.1476316  0.15332996 0.1398482
 0.13702212 0.15151806 0.13530493 0.13697028 0.14947785 0.13688299
 0.1404605  0.13494405 0.14757508 0.13810458 0.1505027  0.15362251
 0.14343901 0.14409298 0.14898175 0.14582551 0.14366448 0.14950437
 0.1516155  0.15109699 0.1444688  0.141801   0.13712422 0.1423169
 0.1506726  0.15189677 0.14543019 0.15371627 0.14289375 0.14934701
 0.14226456 0.14748974 0.14648946 0.1458683  0.14921586 0.15335589
 0.14027626 0.14705993 0.15098546 0.14099676 0.14806716 0.14073994
 0.1416265  0.13857914 0.15145151 0.13787454 0.14482394 0.15206358
 0.13894128 0.13761913 0.15061833 0.14685204 0.15341675 0.13187514
 0.15281266 0.15577103 0.13825946 0.14790835 0.14370477 0.13320534
 0.15017999 0.15061531 0.15002128 0.13424483]"
1774870186.5090587,uniform,0.152,5000,0.1521190460228535,0.1522146641785942,0.0016270542753493,0.1521531288177712,0.1522431606109719,0.0016279081647953,0.152661856841836,0.1528625019705892,0.0022361226661555,4.150180574130635e-05,0.0007093731528179,0.0015717175802233,0.0001014220735855,0.0007789261664193,0.0015344463960107,"[9. 5. 9. 2. 2. 3. 2. 2. 2. 2. 5. 6. 2. 2. 2. 2. 2. 7. 2. 2. 2. 2. 2. 5.
 2. 2. 2. 5. 2. 2. 2. 2. 7. 4. 2. 2. 2. 2. 3. 2. 2. 2. 9. 3. 2. 2. 2. 2.
 2. 2. 3. 2. 2. 3. 2. 2. 2. 2. 4. 3. 2. 2. 9. 6. 2. 3. 2. 2. 9. 6. 2. 2.
 2. 4. 3. 2. 2. 4. 3. 2. 2. 2. 2. 2. 5. 2. 2. 2. 2. 9. 7. 3. 2. 8. 7. 7.
 6. 2. 2. 2.]","[0.14520816 0.14847642 0.14656397 0.15177424 0.15498768 0.14593262
 0.15236409 0.15608084 0.15245701 0.14519459 0.1473269  0.14701998
 0.15664075 0.15356368 0.15470821 0.15470239 0.15336149 0.14417381
 0.15400993 0.1561562  0.15479094 0.1506365  0.14928834 0.14482415
 0.15710103 0.15380199 0.14941999 0.14445412 0.15523269 0.15564429
 0.15014737 0.15066319 0.14299419 0.14836316 0.14688052 0.14923342
 0.15114225 0.15709949 0.14544188 0.15353741 0.15491235 0.15605984
 0.14256138 0.14360002 0.14888995 0.15161994 0.15079442 0.15389353
 0.15589315 0.15086006 0.15130973 0.15650922 0.15595444 0.14818099
 0.15543207 0.15120444 0.15326504 0.15189322 0.1482429  0.15068309
 0.15527611 0.15258466 0.14616554 0.1452346  0.15329898 0.1469404
 0.15351231 0.15377022 0.14300632 0.14821287 0.15368735 0.15733602
 0.15689995 0.14900684 0.14902615 0.15434329 0.15195715 0.14534954
 0.15175252 0.15370172 0.14687562 0.15145888 0.1530216  0.15214203
 0.1496411  0.15199601 0.15356532 0.15183291 0.15251408 0.14136772
 0.14774923 0.14872352 0.15255661 0.14446582 0.14553397 0.14603568
 0.14878187 0.15290578 0.1536306  0.14949078]"
1774870186.5090587,uniform,0.201,100,0.2014217554319383,0.201391419129793,0.0018228663793083,0.201444792083557,0.2014239113707536,0.0018218238042357,,,,,,,,,,[],[]
1774870186.5090587,uniform,0.201,266,0.2014217554319383,0.201391419129793,0.0018228663793083,0.201444792083557,0.2014239113707536,0.0018218238042357,,,,,,,,,,[],[]
1774870186.5090587,uniform,0.201,707,0.2014217554319383,0.201391419129793,0.0018228663793083,0.201444792083557,0.2014239113707536,0.0018218238042357,,,,,,,,,,[],[]
1774870186.5090587,uniform,0.201,1880,0.2014217554319383,0.201391419129793,0.0018228663793083,0.201444792083557,0.2014239113707536,0.0018218238042357,,,,,,,,,,[],[]
1774870186.5090587,uniform,0.201,5000,0.2014217554319383,0.201391419129793,0.0018228663793083,0.201444792083557,0.2014239113707536,0.0018218238042357,,,,,,,,,,[],[]
1774870186.5090587,uniform,0.25,100,0.250253164978204,0.2499162163001047,0.0025275691334401,0.2502728546020489,0.2499566908714364,0.0025330913661514,,,,,,,,,,[],[]
1774870186.5090587,uniform,0.25,266,0.250253164978204,0.2499162163001047,0.0025275691334401,0.2502728546020489,0.2499566908714364,0.0025330913661514,,,,,,,,,,[],[]
1774870186.5090587,uniform,0.25,707,0.250253164978204,0.2499162163001047,0.0025275691334401,0.2502728546020489,0.2499566908714364,0.0025330913661514,,,,,,,,,,[],[]
1774870186.5090587,uniform,0.25,1880,0.250253164978204,0.2499162163001047,0.0025275691334401,0.2502728546020489,0.2499566908714364,0.0025330913661514,,,,,,,,,,[],[]
1774870186.5090587,uniform,0.25,5000,0.250253164978204,0.2499162163001047,0.0025275691334401,0.2502728546020489,0.2499566908714364,0.0025330913661514,,,,,,,,,,[],[]
1774870186.5090587,2-modal,0.005,100,0.0049975470075283,0.0049965543928107,4.629748768575838e-05,0.0047688428753475,0.004767018457038,4.506465256769263e-05,,,,,,,,,,[],[]
1774870186.5090587,2-modal,0.005,266,0.0049975470075283,0.0049965543928107,4.629748768575838e-05,0.0047688428753475,0.004767018457038,4.506465256769263e-05,,,,,,,,,,[],[]
1774870186.5090587,2-modal,0.005,707,0.0049975470075283,0.0049965543928107,4.629748768575838e-05,0.0047688428753475,0.004767018457038,4.506465256769263e-05,,,,,,,,,,[],[]
1774870186.5090587,2-modal,0.005,1880,0.0049975470075283,0.0049965543928107,4.629748768575838e-05,0.0047688428753475,0.004767018457038,4.506465256769263e-05,,,,,,,,,,[],[]
1774870186.5090587,2-modal,0.005,5000,0.0049975470075283,0.0049965543928107,4.629748768575838e-05,0.0047688428753475,0.004767018457038,4.506465256769263e-05,,,,,,,,,,[],[]
1774870186.5090587,2-modal,0.054,100,0.0540317037834384,0.0539839389559982,0.0005887761775049,0.0353186818072628,0.0353186037289705,0.0003747527103202,,,,,,,,,,[],[]
1774870186.5090587,2-modal,0.054,266,0.0540317037834384,0.0539839389559982,0.0005887761775049,0.0353186818072628,0.0353186037289705,0.0003747527103202,,,,,,,,,,[],[]
1774870186.5090587,2-modal,0.054,707,0.0540317037834384,0.0539839389559982,0.0005887761775049,0.0353186818072628,0.0353186037289705,0.0003747527103202,,,,,,,,,,[],[]
1774870186.5090587,2-modal,0.054,1880,0.0540317037834384,0.0539839389559982,0.0005887761775049,0.0353186818072628,0.0353186037289705,0.0003747527103202,,,,,,,,,,[],[]
1774870186.5090587,2-modal,0.054,5000,0.0540317037834384,0.0539839389559982,0.0005887761775049,0.0353186818072628,0.0353186037289705,0.0003747527103202,,,,,,,,,,[],[]
1774870186.5090587,2-modal,0.103,100,0.1029543677182106,0.1029414466185944,0.0010397547252007,0.0528889236048043,0.0528750984965895,0.0005720302402528,,,,,,,,,,[],[]
1774870186.5090587,2-modal,0.103,266,0.1029543677182106,0.1029414466185944,0.0010397547252007,0.0528889236048043,0.0528750984965895,0.0005720302402528,,,,,,,,,,[],[]
1774870186.5090587,2-modal,0.103,707,0.1029543677182106,0.1029414466185944,0.0010397547252007,0.0528889236048043,0.0528750984965895,0.0005720302402528,,,,,,,,,,[],[]
1774870186.5090587,2-modal,0.103,1880,0.1029543677182106,0.1029414466185944,0.0010397547252007,0.0528889236048043,0.0528750984965895,0.0005720302402528,,,,,,,,,,[],[]
1774870186.5090587,2-modal,0.103,5000,0.1029543677182106,0.1029414466185944,0.0010397547252007,0.0528889236048043,0.0528750984965895,0.0005720302402528,,,,,,,,,,[],[]
1774870186.5090587,2-modal,0.152,100,0.1518658294484933,0.1517680065034186,0.0015726626220811,0.0689080987439845,0.0688630045230374,0.0008560135549065,0.0791668566304175,0.08939071898994,0.0202924533323993,0.0104258350389072,0.0204826202459554,0.0203172283362103,0.0097741625775358,0.0206158357789364,0.0223758978028051,"[3. 5. 5. 2. 2. 2. 5. 5. 5. 3. 2. 4. 3. 3. 5. 4. 4. 2. 4. 3. 4. 2. 3. 5.
 5. 2. 2. 3. 3. 2. 2. 2. 2. 2. 3. 5. 3. 2. 3. 2. 3. 2. 5. 4. 5. 4. 2. 2.
 2. 3. 3. 4. 4. 5. 3. 4. 5. 2. 4. 4. 4. 5. 2. 3. 2. 5. 2. 3. 5. 3. 5. 5.
 2. 2. 2. 5. 4. 2. 4. 4. 2. 5. 2. 2. 4. 2. 2. 2. 2. 5. 2. 2. 3. 2. 5. 2.
 5. 5. 5. 3.]","[0.08070685 0.06491216 0.09887662 0.06194878 0.04880489 0.09962389
 0.1303311  0.0379015  0.05800995 0.12225962 0.10556239 0.10813219
 0.04173855 0.04010161 0.04283211 0.02132373 0.06241985 0.12441579
 0.04271816 0.10970736 0.05184811 0.06931647 0.11058752 0.0657471
 0.10498902 0.11962883 0.13470349 0.03339578 0.08218984 0.05970026
 0.09480983 0.06240925 0.05874074 0.1020568  0.08976288 0.0429403
 0.08142754 0.07336017 0.0725316  0.05079736 0.07536378 0.1508681
 0.04888467 0.03676174 0.07076451 0.10468767 0.06977412 0.11925452
 0.08394397 0.0423191  0.06418383 0.04449972 0.0389252  0.13162291
 0.04779641 0.05865959 0.05666824 0.11043723 0.07444751 0.03609336
 0.05709677 0.11715812 0.11017084 0.07928101 0.04028772 0.04013898
 0.03893107 0.05937882 0.03077086 0.09110915 0.04433586 0.12949016
 0.08265391 0.04042967 0.07970378 0.04270182 0.03357033 0.07483521
 0.14013909 0.03010075 0.09186979 0.02410056 0.12861721 0.09111115
 0.03706103 0.05933684 0.06898533 0.05187507 0.11035703 0.04805641
 0.07037033 0.06369816 0.04837061 0.09359289 0.09249938 0.08498484
 0.10039344 0.03961716 0.0668175  0.09622282]"
1774870186.5090587,2-modal,0.152,266,0.1518658294484933,0.1517680065034186,0.0015726626220811,0.0689080987439845,0.0688630045230374,0.0008560135549065,0.0747289359033517,0.0791015253946097,0.0102555698983282,0.0055459973602747,0.0101934266506252,0.0102577518295408,0.0066853678436184,0.0115406359155149,0.0117147806563788,"[2. 5. 6. 6. 3. 5. 2. 6. 3. 6. 3. 6. 2. 3. 5. 4. 2. 3. 6. 2. 3. 4. 4. 2.
 3. 2. 2. 3. 6. 2. 2. 4. 2. 2. 2. 6. 3. 4. 5. 4. 5. 2. 2. 4. 3. 3. 2. 2.
 2. 6. 4. 3. 3. 5. 2. 5. 3. 2. 3. 2. 3. 2. 2. 6. 3. 3. 3. 2. 3. 2. 5. 2.
 3. 3. 3. 4. 6. 6. 5. 2. 6. 2. 2. 2. 3. 2. 6. 3. 6. 5. 3. 3. 2. 2. 2. 3.
 2. 3. 2. 2.]","[0.05362062 0.02598981 0.03440412 0.05177271 0.06928088 0.07000843
 0.08054417 0.07774668 0.06628787 0.06914761 0.05739703 0.04255755
 0.09254399 0.05452696 0.09612806 0.03970917 0.08269297 0.0645817
 0.04108174 0.06596068 0.09407643 0.08840829 0.03186985 0.09960504
 0.0872146  0.05325423 0.04142218 0.07648181 0.04929584 0.0804683
 0.07839688 0.10199968 0.05582578 0.05628144 0.06168559 0.06811158
 0.04092928 0.04414669 0.03800314 0.06507134 0.04550611 0.10061882
 0.05741887 0.05862646 0.0592833  0.07230799 0.04546509 0.06153987
 0.09137886 0.06182604 0.04658415 0.0658617  0.05555961 0.10600406
 0.08261531 0.02980076 0.05396664 0.08469336 0.05300155 0.07309553
 0.08403427 0.05343297 0.04557838 0.03763785 0.07010597 0.08012151
 0.04900133 0.05359056 0.09749436 0.07960496 0.04318959 0.06485429
 0.08777554 0.05326391 0.05527465 0.04376926 0.06861226 0.03583171
 0.05912317 0.09808041 0.02691301 0.06131918 0.06970949 0.07101832
 0.06190919 0.0658124  0.08138714 0.063472   0.05550651 0.09665097
 0.09786045 0.0750133  0.06960688 0.05595259 0.07371222 0.05244181
 0.06851379 0.08279606 0.07277083 0.05296366]"
1774870186.5090587,2-modal,0.152,707,0.1518658294484933,0.1517680065034186,0.0015726626220811,0.0689080987439845,0.0688630045230374,0.0008560135549065,0.0734130372596504,0.0767546337194238,0.0076561073298909,0.0043817012904877,0.0078465349754392,0.0077125494384562,0.0052786199300228,0.0087128986890343,0.0083120834499936,"[2. 2. 8. 7. 2. 7. 8. 2. 2. 8. 6. 2. 2. 3. 3. 3. 2. 3. 3. 6. 3. 3. 2. 3.
 9. 7. 2. 9. 2. 2. 9. 2. 9. 3. 3. 9. 2. 2. 2. 4. 2. 2. 2. 2. 8. 3. 8. 3.
 2. 2. 2. 2. 2. 2. 2. 3. 2. 2. 3. 2. 3. 2. 2. 3. 2. 3. 3. 3. 2. 2. 3. 2.
 2. 2. 3. 8. 2. 3. 3. 6. 2. 3. 3. 3. 3. 3. 2. 3. 2. 3. 3. 2. 9. 2. 6. 9.
 2. 2. 3. 2.]","[0.06460439 0.0684471  0.06501687 0.10922056 0.07274313 0.08321471
 0.05800517 0.08230495 0.0680806  0.09005628 0.07989996 0.06238672
 0.07816967 0.08689036 0.0695745  0.07472856 0.06506113 0.06171717
 0.07228023 0.11186647 0.08709825 0.06898252 0.06647096 0.06523561
 0.040145   0.10910267 0.08147562 0.05906814 0.06989314 0.06601705
 0.05338989 0.05365715 0.04986026 0.06378106 0.07904066 0.03056718
 0.08613622 0.05412823 0.07534015 0.09528824 0.05791107 0.06189062
 0.06450129 0.07144214 0.04521533 0.05661837 0.03211256 0.07741627
 0.07207594 0.06866424 0.06721258 0.07778942 0.05969514 0.05364349
 0.08502749 0.07383238 0.07663907 0.07977433 0.04968347 0.07160601
 0.05972157 0.05973118 0.06028782 0.0649123  0.07150199 0.05804886
 0.06140324 0.08283561 0.08133807 0.06147221 0.09231299 0.05527237
 0.08305174 0.08090704 0.06779879 0.02818255 0.06391803 0.05967481
 0.07637284 0.09680643 0.08311157 0.09119368 0.04658091 0.06894169
 0.05038999 0.08213154 0.05745588 0.08063297 0.04484076 0.07719896
 0.06157392 0.07360825 0.0375005  0.06122187 0.11698276 0.10015824
 0.08477878 0.06110819 0.06960023 0.07208428]"
1774870186.5090587,2-modal,0.152,1880,0.1518658294484933,0.1517680065034186,0.0015726626220811,0.0689080987439845,0.0688630045230374,0.0008560135549065,0.0728773061642651,0.0730000461278741,0.0009344894433121,0.004066835081941,0.0040919473838895,0.0003700930699526,0.0047107116298561,0.0048194038192428,0.0006724716951542,"[2. 2. 2. 2. 3. 3. 2. 2. 2. 2. 2. 2. 3. 3. 2. 2. 3. 2. 2. 2. 3. 2. 3. 2.
 3. 3. 3. 2. 3. 3. 2. 2. 2. 2. 2. 3. 2. 2. 3. 3. 2. 2. 3. 2. 2. 3. 2. 2.
 2. 2. 2. 3. 2. 2. 3. 2. 2. 3. 2. 2. 3. 3. 2. 2. 2. 2. 2. 3. 3. 3. 2. 2.
 3. 2. 2. 2. 2. 2. 2. 3. 2. 3. 2. 2. 2. 2. 3. 2. 3. 2. 2. 2. 2. 3. 3. 2.
 3. 3. 2. 3.]","[0.07004001 0.06256897 0.08415527 0.07151085 0.06509545 0.06725868
 0.07596358 0.07663477 0.06827477 0.06717414 0.07688249 0.05493785
 0.06688085 0.06125153 0.07306383 0.07461142 0.06617261 0.05614335
 0.07726206 0.07873755 0.06117287 0.07315224 0.06846385 0.07280248
 0.05292222 0.06806384 0.0654845  0.06518221 0.07897883 0.0557829
 0.07118698 0.0616593  0.05487073 0.06435537 0.07433809 0.07784667
 0.07227865 0.06659517 0.07219436 0.06593818 0.06616741 0.05817368
 0.07352445 0.06403046 0.05539153 0.07148765 0.06057976 0.06684803
 0.0804985  0.07354284 0.07480327 0.0792434  0.0723144  0.06890109
 0.0710985  0.06752531 0.08715149 0.05560874 0.0713641  0.06899495
 0.06781367 0.07325373 0.07187487 0.06646801 0.07542545 0.07494363
 0.06673954 0.05958237 0.07055515 0.06315643 0.07556535 0.05905817
 0.08065668 0.07457759 0.06382348 0.06665772 0.06654517 0.07875838
 0.07515468 0.06484275 0.07154535 0.05816568 0.07106077 0.07340903
 0.07447407 0.06440676 0.06296993 0.08058481 0.0664137  0.06847317
 0.06342296 0.06628662 0.06065498 0.07653206 0.07589584 0.07615794
 0.06730994 0.07048433 0.05900391 0.0800733 ]"
1774870186.5090587,2-modal,0.152,5000,0.1518658294484933,0.1517680065034186,0.0015726626220811,0.0689080987439845,0.0688630045230374,0.0008560135549065,0.07280504905788,0.0729547832206027,0.0011343278207826,0.0039753431385322,0.0020040466844766184,0.0006542691181936,0.0045411981002419,0.0046217601533915,0.0004962101240715,"[3. 3. 2. 2. 3. 3. 2. 2. 2. 3. 3. 2. 2. 3. 2. 2. 3. 2. 2. 3. 3. 4. 2. 2.
 2. 2. 2. 2. 2. 2. 2. 3. 2. 2. 3. 3. 3. 3. 2. 2. 2. 3. 3. 3. 2. 3. 3. 3.
 3. 3. 3. 2. 3. 2. 2. 2. 3. 2. 2. 3. 3. 2. 3. 2. 2. 3. 2. 2. 2. 3. 2. 3.
 3. 2. 2. 2. 2. 3. 2. 2. 3. 2. 2. 3. 3. 2. 2. 2. 2. 2. 3. 2. 2. 3. 2. 2.
 2. 2. 3. 3.]","[0.07069191 0.07811505 0.06794701 0.0734122  0.06516737 0.07744025
 0.07980543 0.06373356 0.06855373 0.06948794 0.07321488 0.07176294
 0.0755433  0.07981084 0.06512787 0.07078618 0.06816334 0.06895945
 0.06817465 0.07395281 0.06702703 0.10289692 0.07361495 0.0716249
 0.07469274 0.06954199 0.06553522 0.06255702 0.07754417 0.07412291
 0.06384989 0.06831512 0.07685249 0.07074029 0.07073691 0.07004475
 0.07068642 0.06815751 0.07101785 0.07006675 0.07159186 0.06982532
 0.06952715 0.06778568 0.06906611 0.06897768 0.06869943 0.06410827
 0.06588539 0.05887789 0.07042742 0.07101339 0.06886576 0.07230442
 0.0748069  0.07035351 0.07242967 0.07354937 0.07227326 0.06633822
 0.07634784 0.06706925 0.07698126 0.06886088 0.06697565 0.06363716
 0.07201216 0.06287116 0.07593718 0.07309975 0.0744866  0.07106447
 0.06787682 0.06992327 0.06415893 0.07577731 0.07087447 0.07247709
 0.07011717 0.06964496 0.07136464 0.0673929  0.06092973 0.06677638
 0.06759066 0.07571557 0.06879012 0.07470757 0.06860929 0.07880497
 0.06511974 0.06808474 0.07317576 0.06350024 0.07323519 0.07695273
 0.06299503 0.07098496 0.07132464 0.06152341]"
1774870186.5090587,2-modal,0.201,100,0.2010198467217673,0.2007862780289919,0.0020880134273394,0.088724364693912,0.0887246843085074,0.0014936225450838,,,,,,,,,,[],[]
1774870186.5090587,2-modal,0.201,266,0.2010198467217673,0.2007862780289919,0.0020880134273394,0.088724364693912,0.0887246843085074,0.0014936225450838,,,,,,,,,,[],[]
1774870186.5090587,2-modal,0.201,707,0.2010198467217673,0.2007862780289919,0.0020880134273394,0.088724364693912,0.0887246843085074,0.0014936225450838,,,,,,,,,,[],[]
1774870186.5090587,2-modal,0.201,1880,0.2010198467217673,0.2007862780289919,0.0020880134273394,0.088724364693912,0.0887246843085074,0.0014936225450838,,,,,,,,,,[],[]
1774870186.5090587,2-modal,0.201,5000,0.2010198467217673,0.2007862780289919,0.0020880134273394,0.088724364693912,0.0887246843085074,0.0014936225450838,,,,,,,,,,[],[]
1774870186.5090587,2-modal,0.25,100,0.2499558942214694,0.2499973905585103,0.0021403250459908,0.1140933422942075,0.1139743610888619,0.0017609896133377,,,,,,,,,,[],[]
1774870186.5090587,2-modal,0.25,266,0.2499558942214694,0.2499973905585103,0.0021403250459908,0.1140933422942075,0.1139743610888619,0.0017609896133377,,,,,,,,,,[],[]
1774870186.5090587,2-modal,0.25,707,0.2499558942214694,0.2499973905585103,0.0021403250459908,0.1140933422942075,0.1139743610888619,0.0017609896133377,,,,,,,,,,[],[]
1774870186.5090587,2-modal,0.25,1880,0.2499558942214694,0.2499973905585103,0.0021403250459908,0.1140933422942075,0.1139743610888619,0.0017609896133377,,,,,,,,,,[],[]
1774870186.5090587,2-modal,0.25,5000,0.2499558942214694,0.2499973905585103,0.0021403250459908,0.1140933422942075,0.1139743610888619,0.0017609896133377,,,,,,,,,,[],[]
1774870186.5090587,3-modal,0.005,100,0.0049981775883737,0.0049960344754936,4.708710014113058e-05,0.004550255296606,0.0045508104241517,3.941890716221289e-05,,,,,,,,,,[],[]
1774870186.5090587,3-modal,0.005,266,0.0049981775883737,0.0049960344754936,4.708710014113058e-05,0.004550255296606,0.0045508104241517,3.941890716221289e-05,,,,,,,,,,[],[]
1774870186.5090587,3-modal,0.005,707,0.0049981775883737,0.0049960344754936,4.708710014113058e-05,0.004550255296606,0.0045508104241517,3.941890716221289e-05,,,,,,,,,,[],[]
1774870186.5090587,3-modal,0.005,1880,0.0049981775883737,0.0049960344754936,4.708710014113058e-05,0.004550255296606,0.0045508104241517,3.941890716221289e-05,,,,,,,,,,[],[]
1774870186.5090587,3-modal,0.005,5000,0.0049981775883737,0.0049960344754936,4.708710014113058e-05,0.004550255296606,0.0045508104241517,3.941890716221289e-05,,,,,,,,,,[],[]
1774870186.5090587,3-modal,0.054,100,0.0539969240597624,0.0539976322049373,0.0005474137716484,0.0271311332919379,0.0271409847998623,0.0003024925615083,,,,,,,,,,[],[]
1774870186.5090587,3-modal,0.054,266,0.0539969240597624,0.0539976322049373,0.0005474137716484,0.0271311332919379,0.0271409847998623,0.0003024925615083,,,,,,,,,,[],[]
1774870186.5090587,3-modal,0.054,707,0.0539969240597624,0.0539976322049373,0.0005474137716484,0.0271311332919379,0.0271409847998623,0.0003024925615083,,,,,,,,,,[],[]
1774870186.5090587,3-modal,0.054,1880,0.0539969240597624,0.0539976322049373,0.0005474137716484,0.0271311332919379,0.0271409847998623,0.0003024925615083,,,,,,,,,,[],[]
1774870186.5090587,3-modal,0.054,5000,0.0539969240597624,0.0539976322049373,0.0005474137716484,0.0271311332919379,0.0271409847998623,0.0003024925615083,,,,,,,,,,[],[]
1774870186.5090587,3-modal,0.103,100,0.1030191225558696,0.103068700451995,0.0009922554127603,0.0457362958277331,0.0458785642036234,0.0009140992701175,,,,,,,,,,[],[]
1774870186.5090587,3-modal,0.103,266,0.1030191225558696,0.103068700451995,0.0009922554127603,0.0457362958277331,0.0458785642036234,0.0009140992701175,,,,,,,,,,[],[]
1774870186.5090587,3-modal,0.103,707,0.1030191225558696,0.103068700451995,0.0009922554127603,0.0457362958277331,0.0458785642036234,0.0009140992701175,,,,,,,,,,[],[]
1774870186.5090587,3-modal,0.103,1880,0.1030191225558696,0.103068700451995,0.0009922554127603,0.0457362958277331,0.0458785642036234,0.0009140992701175,,,,,,,,,,[],[]
1774870186.5090587,3-modal,0.103,5000,0.1030191225558696,0.103068700451995,0.0009922554127603,0.0457362958277331,0.0458785642036234,0.0009140992701175,,,,,,,,,,[],[]
1774870186.5090587,3-modal,0.152,100,0.1520349425385707,0.1520853956710133,0.0015698295745344,0.0766481485464268,0.0765198869496121,0.0016218223096002,0.0958346116126785,0.1069398133884849,0.0315070924180786,0.0186422267286817,0.0302916648420581,0.0313828653921917,0.0202496355220598,0.0342831044912703,0.0342607528509668,"[4. 3. 3. 5. 4. 3. 4. 4. 4. 3. 3. 3. 3. 5. 3. 4. 5. 5. 3. 5. 3. 5. 3. 4.
 5. 5. 3. 5. 3. 4. 4. 5. 3. 5. 3. 3. 3. 3. 5. 3. 3. 4. 4. 4. 3. 5. 5. 4.
 5. 4. 4. 5. 3. 3. 5. 3. 4. 4. 3. 3. 4. 5. 5. 3. 5. 3. 4. 3. 5. 4. 3. 3.
 3. 4. 5. 3. 4. 3. 4. 5. 4. 3. 3. 5. 5. 5. 3. 3. 5. 5. 5. 4. 3. 3. 5. 4.
 4. 4. 3. 5.]","[0.03841528 0.05501775 0.06583699 0.04639317 0.09664094 0.07055028
 0.0487994  0.06283882 0.08318362 0.10825222 0.04085351 0.0400242
 0.10038861 0.06367809 0.08767695 0.05003353 0.04373728 0.09342166
 0.01950695 0.02921378 0.06789981 0.03697716 0.07276451 0.11815813
 0.05248341 0.11878354 0.05944747 0.0717984  0.01986952 0.08846707
 0.06184028 0.099025   0.09169274 0.04122765 0.06056914 0.06922038
 0.05348944 0.08730459 0.03377281 0.0672182  0.0765335  0.02057116
 0.03184749 0.08798826 0.12609424 0.05169027 0.06110396 0.08964357
 0.04502843 0.07961815 0.06556369 0.11728323 0.06346341 0.1150343
 0.04477776 0.09027941 0.10353651 0.06401075 0.03184763 0.06950774
 0.0530035  0.04546359 0.05818603 0.09794242 0.01462895 0.09794573
 0.08846167 0.07249178 0.09678685 0.0440871  0.06682183 0.06295972
 0.08259683 0.05831322 0.05012668 0.04824267 0.11090406 0.08589776
 0.06195677 0.10830667 0.03223558 0.06998305 0.08288552 0.07696773
 0.06391862 0.03034211 0.02680434 0.05070077 0.10292571 0.07635266
 0.05879158 0.03276768 0.10491958 0.01513826 0.06487163 0.04279718
 0.09202677 0.11791789 0.07569234 0.10381928]"
1774870186.5090587,3-modal,0.152,266,0.1520349425385707,0.1520853956710133,0.0015698295745344,0.0766481485464268,0.0765198869496121,0.0016218223096002,0.0833196463526051,0.0868228808110818,0.0111624867787904,0.0069625848192397,0.010174732264655,0.0110512552975024,0.0083304833805727,0.0131662603317818,0.0131890020923544,"[5. 3. 3. 3. 5. 5. 3. 4. 3. 5. 3. 3. 4. 3. 4. 3. 5. 4. 3. 3. 5. 3. 3. 3.
 3. 3. 3. 3. 5. 3. 3. 4. 6. 5. 4. 4. 6. 3. 3. 3. 4. 3. 5. 3. 6. 6. 5. 6.
 3. 6. 3. 3. 3. 4. 3. 3. 4. 5. 3. 3. 3. 6. 6. 4. 5. 3. 5. 6. 5. 5. 3. 6.
 5. 3. 3. 3. 3. 3. 4. 5. 6. 6. 5. 4. 4. 3. 5. 5. 5. 4. 3. 3. 4. 3. 3. 3.
 6. 5. 6. 5.]","[0.0844903  0.07149157 0.09180311 0.08116052 0.09139906 0.09134629
 0.09126044 0.07088454 0.07898163 0.07044521 0.08182749 0.0815037
 0.06858621 0.08362072 0.06600997 0.08543723 0.06619228 0.06177683
 0.04825467 0.08620458 0.08175798 0.08911449 0.08738355 0.09731307
 0.07231875 0.06906178 0.06686691 0.07080987 0.02917121 0.07447184
 0.08884337 0.09087371 0.04473971 0.08389232 0.06673491 0.03029219
 0.10090388 0.0753267  0.08108105 0.09312869 0.07390783 0.08502503
 0.08402835 0.07881427 0.10421041 0.08955216 0.08629144 0.08350364
 0.06425493 0.09824193 0.07910244 0.07972282 0.05225145 0.064255
 0.07857034 0.07495338 0.08327719 0.07539575 0.08441101 0.07855437
 0.0847834  0.09910452 0.09995904 0.09773144 0.07334352 0.08857009
 0.08266382 0.05192327 0.02705314 0.053644   0.03232259 0.07888327
 0.09193    0.08268717 0.08271275 0.07022178 0.08782228 0.08423426
 0.09479439 0.09554043 0.06272125 0.0986559  0.07663179 0.0782886
 0.07139685 0.02223015 0.06592992 0.08397451 0.0317135  0.06231439
 0.07958624 0.07876308 0.0929585  0.09237345 0.08822973 0.07830788
 0.08559199 0.07401463 0.05481812 0.0297039 ]"
1774870186.5090587,3-modal,0.152,707,0.1520349425385707,0.1520853956710133,0.0015698295745344,0.0766481485464268,0.0765198869496121,0.0016218223096002,0.0801919566713282,0.0820491283368573,0.0070206411985861,0.0032797804776426,0.0054009797904305,0.0069184455859452,0.0056631552505528,0.0077226254945776,0.0063252618960378,"[5. 9. 6. 8. 3. 5. 5. 6. 5. 5. 5. 7. 6. 3. 5. 8. 5. 9. 3. 4. 3. 4. 3. 8.
 3. 3. 3. 7. 5. 3. 3. 9. 3. 8. 5. 5. 5. 3. 5. 5. 6. 8. 5. 4. 5. 6. 7. 7.
 3. 4. 6. 3. 5. 3. 5. 5. 3. 3. 3. 4. 4. 3. 5. 5. 8. 4. 6. 4. 9. 4. 4. 4.
 8. 3. 3. 4. 6. 3. 3. 3. 8. 3. 3. 5. 3. 4. 3. 3. 3. 4. 4. 5. 5. 3. 3. 3.
 3. 3. 5. 3.]","[0.07992407 0.08019941 0.08145064 0.08803857 0.07984088 0.08002594
 0.08957731 0.08943117 0.07633851 0.07430072 0.08074128 0.0869672
 0.07563986 0.07099306 0.07137815 0.08397748 0.07581218 0.07319945
 0.0814252  0.08063298 0.08254462 0.08131799 0.08222989 0.09311542
 0.0833299  0.07387993 0.08200408 0.08842259 0.0863002  0.07950113
 0.07403628 0.08744684 0.08941634 0.07971616 0.07027741 0.08360971
 0.07685441 0.07314114 0.07947606 0.07917637 0.08828893 0.07664594
 0.08054544 0.07645141 0.07951601 0.08622427 0.07823718 0.07919969
 0.0844554  0.07797043 0.08833841 0.07488587 0.08906465 0.07511019
 0.08031183 0.07306273 0.08219253 0.07912831 0.08455282 0.07899337
 0.07967446 0.08069064 0.08768121 0.07033013 0.09033969 0.08107259
 0.09070977 0.07543873 0.07651131 0.07154778 0.06443016 0.07251706
 0.08770549 0.07373562 0.07888579 0.07591878 0.09405254 0.07927128
 0.08092683 0.07370474 0.08083561 0.08379783 0.07624559 0.08455529
 0.08170451 0.07829528 0.07230683 0.07687949 0.06880441 0.07868476
 0.0858421  0.07905406 0.07789963 0.08362131 0.07118329 0.07496427
 0.08337919 0.08265774 0.07792488 0.0813295 ]"
1774870186.5090587,3-modal,0.152,1880,0.1520349425385707,0.1520853956710133,0.0015698295745344,0.0766481485464268,0.0765198869496121,0.0016218223096002,0.0770355025697504,0.0775694883944075,0.0025673520644157,0.0002441398036062,0.0009213398479807,0.0021741921023505,0.0027646885689647,0.0032267006568215,0.0019853527396594,"[4. 3. 4. 3. 3. 7. 3. 5. 7. 5. 3. 4. 4. 4. 3. 8. 4. 4. 3. 3. 3. 3. 3. 4.
 9. 4. 4. 3. 3. 3. 3. 3. 5. 3. 3. 4. 3. 5. 3. 3. 3. 3. 4. 4. 5. 4. 4. 5.
 5. 5. 3. 4. 5. 5. 5. 4. 5. 3. 3. 3. 3. 3. 5. 3. 5. 4. 3. 5. 3. 3. 4. 3.
 3. 3. 4. 4. 3. 5. 4. 6. 3. 4. 3. 3. 5. 5. 5. 4. 8. 3. 3. 5. 4. 5. 7. 3.
 3. 3. 4. 4.]","[0.07750873 0.08037532 0.07743331 0.07914776 0.07376391 0.07818669
 0.08136317 0.07778909 0.08309871 0.07783795 0.0714099  0.07758289
 0.07755037 0.07834831 0.07937989 0.07913124 0.07919487 0.07893822
 0.08254064 0.08045211 0.07518847 0.065918   0.07769603 0.07810956
 0.07768786 0.07627674 0.07871258 0.07428054 0.0777316  0.08623308
 0.08027883 0.07735596 0.07509318 0.08366211 0.08206912 0.07631361
 0.08045079 0.07923145 0.07286022 0.07523267 0.07660407 0.08075995
 0.0794694  0.08143085 0.08377857 0.07248529 0.07012581 0.08121428
 0.07640137 0.07743433 0.07696784 0.07252253 0.07510744 0.07571423
 0.07785547 0.07403503 0.07815484 0.07580986 0.07693361 0.07294148
 0.07179225 0.07788571 0.079723   0.07921926 0.0724315  0.07649519
 0.07811914 0.07748155 0.07576135 0.07642709 0.07968663 0.08204959
 0.08078576 0.07701411 0.07436587 0.07493086 0.07964717 0.07522346
 0.07966869 0.07868122 0.07647926 0.07855687 0.07911362 0.0837284
 0.07733949 0.07657794 0.07510358 0.07771215 0.08014991 0.08039818
 0.07714322 0.08213391 0.07823703 0.08071501 0.08124607 0.0808994
 0.08084951 0.07457257 0.07756766 0.07741588]"
1774870186.5090587,3-modal,0.152,5000,0.1520349425385707,0.1520853956710133,0.0015698295745344,0.0766481485464268,0.0765198869496121,0.0016218223096002,0.0764105681243461,0.0764867406946448,0.0017730653797117,-0.0001944678357462,-0.0001614078517819,0.0004464049878293,0.0021646727553325,0.00227889873312,0.0005433904602419,"[3. 4. 4. 5. 3. 3. 3. 5. 3. 3. 3. 5. 3. 3. 3. 3. 3. 5. 3. 3. 4. 3. 3. 3.
 5. 5. 5. 3. 3. 4. 3. 3. 4. 3. 5. 4. 4. 3. 3. 3. 3. 3. 3. 4. 3. 3. 5. 5.
 5. 3. 4. 3. 3. 4. 3. 3. 5. 4. 9. 3. 3. 5. 4. 3. 3. 3. 5. 5. 4. 3. 3. 5.
 3. 3. 3. 5. 4. 4. 3. 3. 3. 3. 3. 3. 3. 3. 4. 3. 3. 5. 3. 5. 4. 3. 5. 3.
 4. 3. 3. 3.]","[0.0780661  0.07607671 0.07695806 0.07487371 0.08044707 0.08445387
 0.07874162 0.07916906 0.07600608 0.0783804  0.07944192 0.07729173
 0.07345063 0.0736828  0.07668214 0.07742664 0.08240757 0.07858841
 0.08006704 0.07818339 0.08037956 0.07523165 0.07818307 0.07579022
 0.07630326 0.07802592 0.07557393 0.07809853 0.07829584 0.07572425
 0.07491067 0.07486071 0.07595726 0.07222866 0.07669023 0.07972718
 0.07692321 0.07770947 0.07866908 0.07713834 0.0777373  0.07532668
 0.07513789 0.07984256 0.08024683 0.07477316 0.07739315 0.07738968
 0.0733944  0.07798253 0.0730922  0.07678019 0.07829951 0.07938781
 0.07634427 0.07831869 0.07450875 0.07537326 0.0831713  0.07739282
 0.07350134 0.08079602 0.07768475 0.07823073 0.07740617 0.0786774
 0.07173646 0.0801445  0.07695112 0.07792769 0.07505135 0.07577785
 0.07835659 0.07762411 0.07647173 0.07833411 0.07360683 0.07686475
 0.07880771 0.078792   0.0766214  0.08149774 0.07924536 0.07827307
 0.07554801 0.0777514  0.07720708 0.07872834 0.07736042 0.07783482
 0.07940879 0.07677237 0.08005015 0.07326311 0.07907563 0.07887095
 0.07723328 0.0810552  0.07725833 0.07532873]"
1774870186.5090587,3-modal,0.201,100,0.2009689638246762,0.2011402917456746,0.0016008782823539,0.1192887477534467,0.1193415735160211,0.0019495149329371,,,,,,,,,,[],[]
1774870186.5090587,3-modal,0.201,266,0.2009689638246762,0.2011402917456746,0.0016008782823539,0.1192887477534467,0.1193415735160211,0.0019495149329371,,,,,,,,,,[],[]
1774870186.5090587,3-modal,0.201,707,0.2009689638246762,0.2011402917456746,0.0016008782823539,0.1192887477534467,0.1193415735160211,0.0019495149329371,,,,,,,,,,[],[]
1774870186.5090587,3-modal,0.201,1880,0.2009689638246762,0.2011402917456746,0.0016008782823539,0.1192887477534467,0.1193415735160211,0.0019495149329371,,,,,,,,,,[],[]
1774870186.5090587,3-modal,0.201,5000,0.2009689638246762,0.2011402917456746,0.0016008782823539,0.1192887477534467,0.1193415735160211,0.0019495149329371,,,,,,,,,,[],[]
1774870186.5090587,3-modal,0.25,100,0.2502573366973873,0.2501697174018142,0.0024554647813257,0.1709012750081621,0.1705697700332942,0.0032172216474494,,,,,,,,,,[],[]
1774870186.5090587,3-modal,0.25,266,0.2502573366973873,0.2501697174018142,0.0024554647813257,0.1709012750081621,0.1705697700332942,0.0032172216474494,,,,,,,,,,[],[]
1774870186.5090587,3-modal,0.25,707,0.2502573366973873,0.2501697174018142,0.0024554647813257,0.1709012750081621,0.1705697700332942,0.0032172216474494,,,,,,,,,,[],[]
1774870186.5090587,3-modal,0.25,1880,0.2502573366973873,0.2501697174018142,0.0024554647813257,0.1709012750081621,0.1705697700332942,0.0032172216474494,,,,,,,,,,[],[]
1774870186.5090587,3-modal,0.25,5000,0.2502573366973873,0.2501697174018142,0.0024554647813257,0.1709012750081621,0.1705697700332942,0.0032172216474494,,,,,,,,,,[],[]
1774870186.5090587,5-modal,0.005,100,0.0050093581189189,0.0050093693863934,4.827717955843345e-05,0.0004543146178419,0.0004543273043173,4.227831124612363e-06,,,,,,,,,,[],[]
1774870186.5090587,5-modal,0.005,266,0.0050093581189189,0.0050093693863934,4.827717955843345e-05,0.0004543146178419,0.0004543273043173,4.227831124612363e-06,,,,,,,,,,[],[]
1774870186.5090587,5-modal,0.005,707,0.0050093581189189,0.0050093693863934,4.827717955843345e-05,0.0004543146178419,0.0004543273043173,4.227831124612363e-06,,,,,,,,,,[],[]
1774870186.5090587,5-modal,0.005,1880,0.0050093581189189,0.0050093693863934,4.827717955843345e-05,0.0004543146178419,0.0004543273043173,4.227831124612363e-06,,,,,,,,,,[],[]
1774870186.5090587,5-modal,0.005,5000,0.0050093581189189,0.0050093693863934,4.827717955843345e-05,0.0004543146178419,0.0004543273043173,4.227831124612363e-06,,,,,,,,,,[],[]
1774870186.5090587,5-modal,0.054,100,0.0540332050741017,0.0539611756350814,0.0005120008170345,0.0091405305034213,0.0090427376502452,0.0005142474105965,,,,,,,,,,[],[]
1774870186.5090587,5-modal,0.054,266,0.0540332050741017,0.0539611756350814,0.0005120008170345,0.0091405305034213,0.0090427376502452,0.0005142474105965,,,,,,,,,,[],[]
1774870186.5090587,5-modal,0.054,707,0.0540332050741017,0.0539611756350814,0.0005120008170345,0.0091405305034213,0.0090427376502452,0.0005142474105965,,,,,,,,,,[],[]
1774870186.5090587,5-modal,0.054,1880,0.0540332050741017,0.0539611756350814,0.0005120008170345,0.0091405305034213,0.0090427376502452,0.0005142474105965,,,,,,,,,,[],[]
1774870186.5090587,5-modal,0.054,5000,0.0540332050741017,0.0539611756350814,0.0005120008170345,0.0091405305034213,0.0090427376502452,0.0005142474105965,,,,,,,,,,[],[]
1774870186.5090587,5-modal,0.103,100,0.1028800624648409,0.1028282998282569,0.0009811865548983,0.060220164394092,0.0601150825023902,0.0014206190780687,,,,,,,,,,[],[]
1774870186.5090587,5-modal,0.103,266,0.1028800624648409,0.1028282998282569,0.0009811865548983,0.060220164394092,0.0601150825023902,0.0014206190780687,,,,,,,,,,[],[]
1774870186.5090587,5-modal,0.103,707,0.1028800624648409,0.1028282998282569,0.0009811865548983,0.060220164394092,0.0601150825023902,0.0014206190780687,,,,,,,,,,[],[]
1774870186.5090587,5-modal,0.103,1880,0.1028800624648409,0.1028282998282569,0.0009811865548983,0.060220164394092,0.0601150825023902,0.0014206190780687,,,,,,,,,,[],[]
1774870186.5090587,5-modal,0.103,5000,0.1028800624648409,0.1028282998282569,0.0009811865548983,0.060220164394092,0.0601150825023902,0.0014206190780687,,,,,,,,,,[],[]
1774870186.5090587,5-modal,0.152,100,0.1520754839399012,0.1519484266451786,0.0016112679630377,0.1261227495367353,0.1258987096109566,0.0022393041925671,0.1556133806710177,0.1631118378608289,0.0196756287448378,0.0296627797796747,0.0369890883240936,0.0193695064679227,0.0317271641587905,0.0381028772345043,0.0189649303630415,"[2. 5. 2. 5. 5. 5. 4. 5. 5. 2. 5. 5. 2. 2. 5. 5. 2. 5. 2. 5. 5. 2. 5. 5.
 2. 2. 2. 5. 2. 2. 5. 5. 5. 2. 2. 5. 4. 2. 2. 2. 2. 2. 5. 5. 2. 2. 5. 5.
 2. 2. 5. 2. 2. 5. 5. 5. 2. 5. 4. 5. 2. 3. 2. 5. 4. 5. 2. 5. 2. 2. 2. 5.
 5. 5. 5. 5. 4. 2. 2. 2. 4. 5. 5. 5. 5. 2. 2. 5. 5. 2. 5. 5. 2. 2. 5. 4.
 2. 5. 5. 2.]","[0.10847789 0.0990156  0.11506207 0.10270727 0.08992143 0.10852044
 0.12375991 0.09683019 0.09541134 0.12800563 0.05959782 0.09195374
 0.11278839 0.10938504 0.11602652 0.10029336 0.12511863 0.10905013
 0.13236512 0.09838753 0.10151017 0.13725423 0.09101072 0.06790483
 0.1340617  0.11104419 0.12181262 0.07151727 0.13268375 0.1134153
 0.11381379 0.06982222 0.06882663 0.13541261 0.10961944 0.09359541
 0.10896746 0.1236873  0.10765974 0.13165172 0.1181803  0.0997372
 0.11981605 0.10354617 0.12392684 0.10776018 0.0428618  0.09809795
 0.11530706 0.11252607 0.08912003 0.1274393  0.11584874 0.11068655
 0.10206949 0.09203167 0.13017277 0.10021451 0.11097045 0.09578684
 0.1274728  0.09838671 0.10905437 0.10361426 0.09785113 0.08854536
 0.1032834  0.09141944 0.11062658 0.1264624  0.11863594 0.1070145
 0.10366515 0.07845995 0.09204641 0.10194026 0.10789612 0.12051776
 0.13308263 0.11384037 0.10922309 0.10738183 0.09192489 0.10718995
 0.10109865 0.10943537 0.12445586 0.07701889 0.12129565 0.10337055
 0.09202042 0.109894   0.12859617 0.11461807 0.08816338 0.12036801
 0.13127869 0.10576828 0.12265293 0.12086956]"
1774870186.5090587,5-modal,0.152,266,0.1520754839399012,0.1519484266451786,0.0016112679630377,0.1261227495367353,0.1258987096109566,0.0022393041925671,0.1372251579302358,0.1404974805518973,0.0098874080575975,0.0109933904682866,0.014374731015162,0.0097137922143227,0.0100291434290335,0.0147313113233264,0.0102963470161062,"[5. 6. 5. 5. 5. 6. 5. 2. 5. 5. 6. 6. 5. 5. 5. 5. 5. 3. 6. 5. 5. 5. 2. 2.
 5. 6. 2. 2. 5. 5. 5. 5. 5. 5. 5. 6. 5. 2. 5. 5. 5. 5. 5. 4. 5. 6. 5. 6.
 5. 5. 3. 6. 5. 5. 5. 5. 5. 5. 6. 5. 5. 5. 6. 5. 6. 5. 5. 6. 5. 5. 5. 5.
 5. 2. 5. 5. 2. 2. 5. 5. 5. 6. 5. 5. 2. 5. 5. 5. 5. 5. 5. 5. 6. 2. 5. 2.
 5. 5. 6. 5.]","[0.1180497  0.11049912 0.11628458 0.11215132 0.11036123 0.10776894
 0.10758621 0.13892808 0.10764601 0.10902656 0.12018121 0.1076213
 0.11124022 0.10483233 0.12083305 0.10307396 0.09658292 0.12009796
 0.11596482 0.10201934 0.11016379 0.11522069 0.13889647 0.1332292
 0.09978644 0.11345529 0.13366841 0.12594376 0.1054843  0.10375079
 0.1065824  0.11808327 0.10257169 0.08918965 0.11791427 0.11341645
 0.11320849 0.13796999 0.09477729 0.10928837 0.11965899 0.10964876
 0.12253547 0.11167389 0.11480055 0.1112649  0.08451577 0.10587677
 0.12180715 0.09470383 0.13077048 0.12206758 0.1143897  0.12120359
 0.11111067 0.11077614 0.10141282 0.1224543  0.11828485 0.10564834
 0.11125709 0.11223065 0.1027494  0.11991361 0.10206406 0.11158801
 0.11399759 0.10003191 0.12300747 0.11768024 0.0973031  0.09551464
 0.11759975 0.1338201  0.11008338 0.09935352 0.14033641 0.14306717
 0.10915762 0.11652046 0.10668845 0.10741093 0.10346509 0.10441266
 0.13467031 0.10202588 0.10704497 0.10444758 0.10850787 0.11355575
 0.10599327 0.11248229 0.1267412  0.14233371 0.10579885 0.14579489
 0.12759641 0.09815418 0.10433637 0.09820134]"
1774870186.5090587,5-modal,0.152,707,0.1520754839399012,0.1519484266451786,0.0016112679630377,0.1261227495367353,0.1258987096109566,0.0022393041925671,0.1319465278471697,0.1354790005163771,0.0102145524211084,0.0044795810020453,0.0093562509796418,0.010248674727605,0.0045088724808395,0.0095365741416794,0.0102923470769564,"[5. 5. 5. 5. 5. 5. 6. 7. 5. 5. 5. 6. 5. 5. 5. 9. 5. 6. 8. 5. 5. 7. 9. 5.
 5. 8. 5. 5. 6. 6. 5. 5. 5. 7. 5. 7. 5. 7. 6. 5. 5. 5. 5. 8. 5. 7. 5. 5.
 5. 5. 9. 6. 5. 5. 5. 5. 5. 5. 5. 9. 7. 5. 5. 6. 6. 5. 5. 6. 5. 5. 9. 8.
 5. 5. 9. 9. 5. 6. 5. 5. 9. 5. 5. 7. 5. 5. 9. 7. 5. 8. 5. 5. 5. 5. 6. 7.
 5. 5. 5. 7.]","[0.11599491 0.11504547 0.10302091 0.10364801 0.11166737 0.11187251
 0.12629412 0.11838025 0.11485972 0.11494801 0.11758114 0.12169605
 0.10772431 0.11631004 0.11182711 0.11229549 0.11264745 0.11390145
 0.10663637 0.10309941 0.12112036 0.11231383 0.11391779 0.11414327
 0.11264992 0.10877269 0.11705911 0.11390289 0.10972033 0.1217012
 0.11676658 0.11217055 0.11405253 0.10252803 0.1057636  0.11392345
 0.12098103 0.10905738 0.10568329 0.11108978 0.1104567  0.11885342
 0.11745925 0.11204793 0.11871719 0.12209264 0.11195786 0.10803385
 0.10947142 0.11203628 0.10498703 0.11164542 0.12128321 0.11616802
 0.11188094 0.11977876 0.10831236 0.12453696 0.11341744 0.11039919
 0.09608871 0.1148701  0.1087198  0.11814996 0.10812394 0.10198618
 0.11425065 0.11724119 0.11192084 0.11297879 0.1358196  0.11388805
 0.11612492 0.13209327 0.10933429 0.11519717 0.11944155 0.11897891
 0.11351982 0.11568747 0.11237442 0.11069352 0.10644067 0.11189136
 0.12493219 0.11928333 0.11423614 0.11703681 0.1228299  0.10532532
 0.1213138  0.10789777 0.11620172 0.10922781 0.102976   0.11930523
 0.11418072 0.10463134 0.12196819 0.11184376]"
1774870186.5090587,5-modal,0.152,1880,0.1520754839399012,0.1519484266451786,0.0016112679630377,0.1261227495367353,0.1258987096109566,0.0022393041925671,0.1286295967871641,0.1300852211886488,0.0049836728968674,0.0021695965697978,0.0039624716519135,0.0040854048955831,0.0022995949401364,0.0040780768824201,0.0040763521855216,"[5. 8. 9. 8. 5. 5. 5. 5. 5. 5. 8. 5. 9. 5. 7. 5. 6. 8. 5. 5. 5. 6. 5. 8.
 5. 5. 9. 5. 7. 6. 6. 9. 5. 7. 5. 6. 9. 5. 5. 6. 6. 5. 5. 7. 8. 5. 6. 6.
 5. 6. 5. 5. 9. 7. 5. 5. 6. 5. 5. 9. 5. 7. 7. 5. 5. 6. 8. 8. 5. 5. 5. 5.
 5. 5. 5. 5. 5. 6. 8. 5. 9. 5. 7. 5. 5. 7. 5. 5. 5. 5. 6. 6. 9. 7. 8. 5.
 5. 5. 5. 8.]","[0.11540877 0.11436396 0.10185932 0.11283128 0.12041212 0.11503069
 0.11294012 0.11686102 0.11484146 0.11989551 0.11396098 0.11523758
 0.11489843 0.11133332 0.10934361 0.11457964 0.1136061  0.11083848
 0.1125281  0.11312126 0.12253272 0.11665621 0.12008735 0.1166521
 0.11129558 0.12290803 0.11838691 0.1321633  0.1184638  0.11600597
 0.11139181 0.11529401 0.1128919  0.10896626 0.12036793 0.11267662
 0.11622211 0.1122536  0.11404375 0.11828045 0.11619423 0.11667513
 0.12150785 0.11652663 0.11313929 0.11782175 0.11712756 0.1157167
 0.11951533 0.11625528 0.11768811 0.11038401 0.11342307 0.11105798
 0.11095077 0.11055463 0.11621914 0.10864521 0.1121473  0.1165048
 0.11463116 0.11296662 0.12161457 0.11913452 0.12657161 0.11932472
 0.11283415 0.11276463 0.11669522 0.11845523 0.11181424 0.1193481
 0.10795505 0.12026142 0.12084138 0.11511967 0.10964246 0.1056982
 0.1142999  0.11954451 0.11694143 0.13429781 0.11683147 0.11517688
 0.11697814 0.11431877 0.12128144 0.12091892 0.1118151  0.12399425
 0.1176446  0.11837788 0.11336368 0.11255761 0.11112763 0.1173014
 0.11532665 0.11429011 0.11917285 0.11438349]"
1774870186.5090587,5-modal,0.152,5000,0.1520754839399012,0.1519484266451786,0.0016112679630377,0.1261227495367353,0.1258987096109566,0.0022393041925671,0.127556450177127,0.1276007850409131,0.0024316698953757,0.0009735149562606,0.0014780355041779,0.0014558605546118,0.0011305958629117,0.0016445844104043,0.0014112857330283,"[7. 7. 5. 6. 6. 5. 5. 8. 7. 5. 5. 5. 6. 5. 6. 5. 9. 6. 8. 6. 5. 6. 7. 8.
 6. 5. 6. 7. 5. 6. 7. 5. 8. 7. 8. 5. 5. 6. 6. 5. 5. 6. 5. 5. 7. 5. 5. 6.
 6. 6. 8. 5. 9. 5. 7. 8. 9. 6. 6. 9. 5. 6. 5. 9. 6. 5. 5. 9. 5. 6. 7. 6.
 5. 5. 6. 9. 8. 7. 5. 5. 5. 5. 5. 5. 9. 6. 7. 6. 7. 8. 5. 7. 8. 8. 5. 9.
 6. 5. 7. 7.]","[0.11969236 0.12106779 0.11526852 0.11818555 0.12045382 0.11690485
 0.11984777 0.12126161 0.11101449 0.11937979 0.11692228 0.11762062
 0.11864606 0.11401231 0.11516395 0.1143328  0.11302776 0.11739631
 0.11982925 0.11613691 0.11675112 0.12265679 0.1190723  0.11698021
 0.11518357 0.12088598 0.11439164 0.11940396 0.12190146 0.11635655
 0.11412824 0.11460786 0.11823761 0.11471816 0.11428275 0.11580844
 0.11677103 0.11576771 0.11570038 0.11937849 0.11709191 0.11846625
 0.11742135 0.11845647 0.11884441 0.11658618 0.11775075 0.12134556
 0.11529701 0.12155454 0.11690008 0.11697311 0.12517199 0.11647565
 0.1177722  0.11689747 0.11330593 0.11915355 0.11738505 0.1131935
 0.11342013 0.11458844 0.11920987 0.11406462 0.11716045 0.11814954
 0.1170493  0.12004706 0.11964522 0.11654172 0.11582595 0.11841885
 0.12020132 0.11462603 0.11494627 0.11561854 0.11089102 0.11253836
 0.11496421 0.11161281 0.11385775 0.11603508 0.11757489 0.11506568
 0.11570211 0.11987102 0.11570953 0.11492706 0.11631012 0.11714749
 0.12488418 0.11570693 0.11763958 0.12127262 0.11513066 0.11279198
 0.11271349 0.11532549 0.11656348 0.11627265]"
1774870186.5090587,5-modal,0.201,100,0.2012340514616362,0.2013567348641673,0.0021259102580829,0.1884794942920996,0.1884530098129857,0.0027852416939629,,,,,,,,,,[],[]
1774870186.5090587,5-modal,0.201,266,0.2012340514616362,0.2013567348641673,0.0021259102580829,0.1884794942920996,0.1884530098129857,0.0027852416939629,,,,,,,,,,[],[]
1774870186.5090587,5-modal,0.201,707,0.2012340514616362,0.2013567348641673,0.0021259102580829,0.1884794942920996,0.1884530098129857,0.0027852416939629,,,,,,,,,,[],[]
1774870186.5090587,5-modal,0.201,1880,0.2012340514616362,0.2013567348641673,0.0021259102580829,0.1884794942920996,0.1884530098129857,0.0027852416939629,,,,,,,,,,[],[]
1774870186.5090587,5-modal,0.201,5000,0.2012340514616362,0.2013567348641673,0.0021259102580829,0.1884794942920996,0.1884530098129857,0.0027852416939629,,,,,,,,,,[],[]
1774870186.5090587,5-modal,0.25,100,0.2501746463231527,0.2502523881917183,0.002598401715769,0.2450281105158873,0.2452937087770174,0.0030873073529231,,,,,,,,,,[],[]
1774870186.5090587,5-modal,0.25,266,0.2501746463231527,0.2502523881917183,0.002598401715769,0.2450281105158873,0.2452937087770174,0.0030873073529231,,,,,,,,,,[],[]
1774870186.5090587,5-modal,0.25,707,0.2501746463231527,0.2502523881917183,0.002598401715769,0.2450281105158873,0.2452937087770174,0.0030873073529231,,,,,,,,,,[],[]
1774870186.5090587,5-modal,0.25,1880,0.2501746463231527,0.2502523881917183,0.002598401715769,0.2450281105158873,0.2452937087770174,0.0030873073529231,,,,,,,,,,[],[]
1774870186.5090587,5-modal,0.25,5000,0.2501746463231527,0.2502523881917183,0.002598401715769,0.2450281105158873,0.2452937087770174,0.0030873073529231,,,,,,,,,,[],[]
